stride,throughput_avg,throughput_min,throughput_max
4,1729.13,2045.27,1474.31
5,2201.00,2517.07,1939.92
6,2482.06,2748.30,2289.56
7,3083.03,3883.30,2527.01
8,3272.21,3643.10,2981.05
9,3612.03,3928.41,3256.59
10,4034.04,4704.57,3605.43
11,4273.18,4609.99,3959.61
12,4453.05,5112.50,3529.20
13,4715.60,5350.02,3744.40
14,4811.56,5353.93,4403.78
15,4683.38,5553.19,4015.76
16,5147.13,5474.84,4770.97
17,5484.32,5790.90,5175.07
18,5076.68,5876.96,4017.02
19,5012.85,5759.61,4490.88
20,5112.51,5318.83,4856.38
21,5492.66,6026.10,4944.33
22,5290.05,5900.16,4802.20
23,5732.52,6156.96,5275.40
24,5768.87,6211.98,5445.70
25,5820.97,6522.86,4967.69
26,5800.14,6091.83,5266.39
27,5852.51,6400.57,4741.94
28,6087.26,6535.82,5472.14
29,6358.11,6493.48,6131.08
30,6196.21,6556.74,5619.78
31,6431.26,6618.66,6274.26
32,6399.06,6563.77,6235.65
33,6336.55,6654.14,5955.34
34,6474.80,6647.98,6149.10
35,6535.47,6706.43,6340.64
36,6534.45,6638.67,6316.66
37,6578.76,6753.74,6413.00
38,6383.91,6671.53,6054.64
39,6478.68,6734.13,6225.45
40,6517.61,6662.67,6348.98
41,6551.67,6801.35,6122.27
42,6639.45,6867.40,6451.92
43,6643.73,6826.12,6404.69
44,6609.29,6882.74,6352.15
45,6629.83,6814.81,6529.71
46,6563.50,6795.88,6336.63
47,6609.59,6799.67,6471.70
48,6417.24,6761.28,6085.95
49,6510.46,6867.08,6300.35
50,6528.27,6733.08,6185.08
51,6444.69,6682.70,6312.61
52,6562.89,6755.58,6336.56
53,6652.94,6792.10,6406.09
54,6270.17,6734.89,4387.01
55,6026.58,6933.81,4281.02
56,5937.60,6691.07,5215.42
57,6323.82,6942.09,5251.78
58,6532.51,7012.27,5391.15
59,5384.56,5837.70,4960.93
60,5802.16,6839.73,4874.36
61,6512.65,7103.40,4853.61
62,6480.75,7073.84,5341.75
63,6494.69,7081.82,5620.03
64,6881.83,7231.96,6061.26
65,6495.90,7178.64,5038.34
66,6448.55,6983.01,5075.61
67,6986.99,7229.64,6633.11
68,6783.26,7236.88,5683.90
69,6839.04,6976.14,6428.79
70,6716.21,7147.13,5868.07
71,6705.65,7037.99,5860.43
72,5498.60,6556.82,4339.09
73,6232.20,7079.83,5770.02
74,6766.73,7196.22,5794.30
75,6813.51,7155.43,6600.84
76,6352.06,6731.78,6037.77
77,5767.49,6326.53,5203.26
78,5879.77,6241.13,5271.10
79,5816.64,6172.66,4923.95
80,5911.58,6186.44,5326.08
81,5702.61,6007.44,5369.42
82,5740.15,6007.52,5486.93
83,5742.46,6063.61,5404.97
84,5838.50,6346.62,5349.68
85,5868.29,6166.57,5202.01
86,5887.08,6190.37,4951.14
87,5837.13,6106.79,5344.14
88,5807.31,6091.24,4944.80
89,6017.43,6160.43,5555.73
90,6138.81,6304.07,5956.39
91,5851.68,6254.66,4983.68
92,5909.84,6288.97,4886.03
93,6117.88,6428.74,5774.72
94,6042.26,6552.86,5354.42
95,6191.46,6441.80,5926.54
96,6599.59,6720.92,6491.61
97,6348.26,6607.19,6149.45
98,6307.89,6553.42,6031.52
99,6425.92,6632.75,6199.21
100,6634.33,6886.10,6404.58
101,6472.10,6800.19,6243.06
102,6588.63,6833.44,6155.51
103,6462.28,6984.22,6287.75
104,6951.74,7106.83,6874.36
105,6512.06,6627.55,6405.13
106,6526.47,6620.92,6426.34
107,6677.55,6941.66,6522.98
108,7279.99,7576.48,7060.08
109,6693.88,6829.18,6175.97
110,6827.89,7119.09,6676.68
111,6915.48,7144.76,6733.14
112,7489.05,7832.22,7359.58
113,6989.87,7387.89,6499.50
114,7159.52,7432.70,6918.26
115,7146.16,7292.47,7042.37
116,7843.73,8164.10,7474.25
117,7256.65,7380.32,7053.92
118,7296.25,7508.27,7090.27
119,7096.93,7337.78,6958.29
120,8229.40,8557.56,7735.41
121,7521.91,7686.15,7396.66
122,7456.28,7629.16,7331.51
123,7183.01,7719.32,5882.25
124,6897.17,7895.16,5119.68
125,6196.89,7444.76,5212.38
126,6683.74,7141.92,5597.52
127,6436.81,7381.99,5340.52
128,8446.02,9491.73,7603.71
129,7585.29,7941.37,7215.57
130,7409.96,7916.09,6992.48
131,7716.34,8090.21,7171.79
132,8603.97,9112.78,7771.16
133,7637.94,8023.36,7402.22
134,7973.35,8150.72,7661.51
135,7152.69,8141.89,5945.53
136,8440.93,9390.71,7497.68
137,7100.38,8103.03,6543.57
138,7825.10,8216.12,7242.34
139,7294.24,8212.90,5593.59
140,8240.24,9556.18,7031.67
141,7238.67,8402.07,5907.63
142,8274.26,8514.48,7769.02
143,8398.86,8576.32,7862.77
144,9219.95,9287.70,9120.78
145,8178.77,8555.34,7682.78
146,8414.12,8763.14,7870.34
147,8325.19,8657.69,7241.13
148,9721.30,10505.40,9020.78
149,8446.93,8692.75,8006.07
150,8681.68,8826.71,8501.92
151,8666.48,8881.61,8222.67
152,9416.56,9804.19,9170.69
153,8847.14,9056.11,8211.41
154,8898.25,9065.58,8789.65
155,8787.34,9009.58,8275.62
156,9655.76,10465.73,9456.10
157,8867.28,9267.60,8347.78
158,8835.64,9282.56,8329.13
159,9033.40,9354.55,8447.87
160,10182.05,10374.59,10086.16
161,9070.99,9378.33,8546.01
162,9095.28,9408.40,8557.89
163,9055.49,9662.91,8620.29
164,10220.64,10742.16,9563.85
165,9140.86,9492.28,8356.71
166,9322.73,9638.21,8668.63
167,9539.10,9710.66,9225.20
168,10042.55,10814.11,8388.84
169,9270.51,9841.67,8943.46
170,9260.23,9795.19,8053.22
171,9512.10,9844.45,8943.75
172,10832.66,11516.35,9608.38
173,9630.08,10093.42,8773.41
174,9138.91,9905.33,8370.70
175,9480.12,10138.19,7937.51
176,10109.26,10989.86,9059.76
177,9711.20,10221.77,8510.67
178,9702.57,10402.75,9131.82
179,9267.97,10345.39,7966.69
180,10667.72,11841.68,9455.66
181,9117.38,10495.29,7853.46
182,9181.16,10155.22,8143.43
183,9386.07,10747.60,8694.24
184,10235.26,11508.06,9588.68
185,10693.62,11021.58,9661.37
186,10161.84,11032.16,8610.03
187,10435.42,10974.77,9942.18
188,11211.21,12673.86,10020.88
189,10544.25,11152.15,8969.79
190,10400.05,10952.42,9347.36
191,10408.58,11561.73,9273.94
192,11181.60,12790.90,9482.03
193,10150.73,11754.29,8870.40
194,10771.03,11426.19,9348.79
195,10592.17,11607.86,9284.76
196,11027.58,12303.53,9852.42
197,11234.24,11703.69,9913.03
198,11197.54,11715.40,10204.14
199,11469.43,12009.95,10082.64
200,11779.02,13055.46,10627.28
201,10177.43,11971.53,9086.35
202,10669.44,11801.56,9252.58
203,10599.69,11617.45,9893.28
204,12265.34,13447.85,10415.81
205,11215.52,12015.76,9896.64
206,10695.14,11952.25,9669.25
207,10986.92,12093.21,9461.48
208,11428.65,12898.94,10360.03
209,10794.31,11766.70,10011.18
210,10884.46,12061.74,9520.67
211,12103.50,12548.14,11516.45
212,13281.44,14194.11,13017.25
213,12362.87,12742.35,11753.74
214,12335.11,12635.09,11361.11
215,12322.82,12617.38,11739.72
216,13622.00,14626.70,13056.86
217,12670.29,12927.98,12503.03
218,12594.48,12718.37,12494.69
219,12677.69,12864.18,12545.38
220,13361.97,13570.76,13073.51
221,12716.36,12957.09,12334.61
222,12460.09,12759.32,11574.59
223,12890.59,13029.52,12779.73
224,14319.49,14546.17,14149.97
225,12900.92,13255.14,12202.41
226,12149.75,12965.16,11677.64
227,12415.40,13236.87,12001.09
228,14168.00,14581.81,13588.60
229,12113.36,12238.95,11978.71
230,11992.27,12156.99,11825.84
231,12286.69,12417.33,12157.75
232,14948.24,15213.83,14681.05
233,12399.69,12533.07,12284.31
234,12219.17,12357.12,12116.12
235,12639.88,12820.22,12514.06
236,14803.80,15368.30,14391.73
237,13279.21,13922.74,12721.98
238,13705.00,14171.21,12825.49
239,14079.74,14454.73,13906.80
240,15141.22,15412.58,14967.14
241,14129.72,14371.93,13905.92
242,13745.48,14256.51,12935.50
243,13522.17,14293.91,12964.92
244,15583.85,15841.60,14879.76
245,13699.35,14508.79,13025.84
246,14018.89,14554.40,12991.95
247,14375.94,14649.64,14231.41
248,15062.15,15248.81,14962.58
249,14391.28,14678.89,13999.58
250,14397.79,14670.06,14184.34
251,14547.21,14820.98,14321.01
252,15363.02,15604.09,15149.78
253,13830.86,14605.07,13492.89
254,14643.67,15063.43,13506.38
255,14567.29,15234.82,14038.36
256,17082.87,17784.51,16660.02
